测试套/软件包名,测试用例名,状态,日志文件,原因
groovy18,oe_test_java2groovy18,fail,./mugen-riscv/logs/groovy18/oe_test_java2groovy18/2023-06-26-01:56:26.log,file missing
,oe_test_groovy18c_02,fail,./mugen-riscv/logs/groovy18/oe_test_groovy18c_02/2023-06-26-02:10:26.log,file missing
postgresql_20.03,oe_test_postgresql_vacuumdb,fail,./mugen-riscv/logs/postgresql_20.03/oe_test_postgresql_vacuumdb/2023-06-22-06:43:25.log,测试套编写不符
smoke-OVS,oe_test_OVS,fail,./mugen-riscv/logs/smoke-OVS/oe_test_OVS/2023-06-23-03:50:57.log,timeout
embedded_security_config_test,oe_test_check_user_account_008,fail,./mugen-riscv/logs/embedded_security_config_test/oe_test_check_user_account_008/2023-06-23-03:42:23.log,/etc/motd内没有相关信息
,oe_test_check_file_sys_protect_003,fail,./mugen-riscv/logs/embedded_security_config_test/oe_test_check_file_sys_protect_003/2023-06-23-03:34:45.log,preinstall absent
FS_IO,oe_test_FSIO_open_wo_create_file,fail,./mugen-riscv/logs/FS_IO/oe_test_FSIO_open_wo_create_file/2023-06-23-03:28:57.log,preinstall absent
,oe_test_FSIO_open_excl_file,fail,./mugen-riscv/logs/FS_IO/oe_test_FSIO_open_excl_file/2023-06-23-02:56:36.log,Broken testcase
,oe_test_FSIO_fs_IO,fail,./mugen-riscv/logs/FS_IO/oe_test_FSIO_fs_IO/2023-06-23-02:45:48.log,file missing
,oe_test_FSIO_aio_suspend,fail,./mugen-riscv/logs/FS_IO/oe_test_FSIO_aio_suspend/2023-06-23-02:31:50.log,preinstall absent
,oe_test_FSIO_aio_write,fail,./mugen-riscv/logs/FS_IO/oe_test_FSIO_aio_write/2023-06-23-02:32:30.log,preinstall absent
,oe_test_FSIO_open_rw_append_file,fail,./mugen-riscv/logs/FS_IO/oe_test_FSIO_open_rw_append_file/2023-06-23-03:28:20.log,preinstall absent
,oe_test_FSIO_aio_libaio,fail,./mugen-riscv/logs/FS_IO/oe_test_FSIO_aio_libaio/2023-06-23-02:29:01.log,file missing
,oe_test_FSIO_lio_listio,fail,./mugen-riscv/logs/FS_IO/oe_test_FSIO_lio_listio/2023-06-23-02:50:50.log,preinstall absent
,oe_test_FSIO_open_noctty_trun_file,fail,./mugen-riscv/logs/FS_IO/oe_test_FSIO_open_noctty_trun_file/2023-06-23-03:27:03.log,preinstall absent
,oe_test_FSIO_open_ro_file,fail,./mugen-riscv/logs/FS_IO/oe_test_FSIO_open_ro_file/2023-06-23-03:27:43.log,preinstall absent
os-basic,oe_test_aureport,fail,./mugen-riscv/logs/os-basic/oe_test_aureport/2023-07-12-12_40_44.log,镜像没有预装测试所需的 audit 软件包
,oe_test_awk,fail,./mugen-riscv/logs/os-basic/oe_test_awk/2023-04-28-03:34:31.log,测试套问题，检查 cpuid 在 qemu riscv 失败
,oe_test_c++,fail,./mugen-riscv/logs/os-basic/oe_test_c++/2023-04-28-03:32:15.log,镜像没有预装测试所需的 kernel-headers
,oe_test_chsh,fail,./mugen-riscv/logs/os-basic/oe_test_chsh/2023-04-28-10:56:22.log,测试套问题，脚本需要测试环境默认语言为中文，且依赖 zsh
,oe_test_disk_io_sched,fail,./mugen-riscv/logs/os-basic/oe_test_disk_io_sched/2023-04-28-10:24:32.log,bfq scheduler Invalid argument
,oe_test_disk_schedule_specific,fail,./mugen-riscv/logs/os-basic/oe_test_disk_schedule_specific/2023-04-28-08:31:35.log,bfq scheduler Invalid argument
,oe_test_disk_schedule_udev,fail,./mugen-riscv/logs/os-basic/oe_test_disk_schedule_udev/2023-04-28-08:32:02.log,测试套问题， config_params 函数获取 wwid 失败
,oe_test_ethtool,fail,./mugen-riscv/logs/os-basic/oe_test_ethtool/2023-04-28-08:42:35.log,镜像没有预装测试所需的 ethtool
,oe_test_fuse,fail,./mugen-riscv/logs/os-basic/oe_test_fuse/2023-04-28-03:35:43.log,缺失内核模块 fuse ， nknown filesystem type 'fusectl'
,oe_test_gmp,fail,./mugen-riscv/logs/os-basic/oe_test_gmp/2023-04-28-10:18:16.log,镜像没有预装测试所需的 kernel-headers
,oe_test_kernel_kdump,fail,./mugen-riscv/logs/os-basic/oe_test_kernel_kdump/2023-04-28-09:16:35.log,镜像没有预装 kexec-tools，也没有使用 grub 作为引导加载程序
,oe_test_kernel_module_operation,fail,./mugen-riscv/logs/os-basic/oe_test_kernel_module_operation/2023-04-28-09:51:53.log,内核模块缺失 raid0
,oe_test_lastb,fail,./mugen-riscv/logs/os-basic/oe_test_lastb/2023-04-28-10:25:56.log,测试套问题，脚本需要测试环境默认语言为中文
,oe_test_libffi,fail,./mugen-riscv/logs/os-basic/oe_test_libffi/2023-04-28-10:19:24.log,镜像没有预装测试所需的 kernel-headers
,oe_test_net_VRF,fail,./mugen-riscv/logs/os-basic/oe_test_net_VRF/2023-04-28-09:56:52.log,缺失内核模块 vrf ，导致 Unknown device type vrf
,oe_test_nmcli_set_bond,fail,./mugen-riscv/logs/os-basic/oe_test_nmcli_set_bond/2023-04-28-10:04:10.log,nmcli 成功添加 bond 设备后无法用 nmcli device 命令查到也无法用 nmcli up 命令激活， Error: Connection activation failed: bond0 failed to create resources: Failed to create bond interface 'bond0' for 'bond0': Operation not supported
,oe_test_nmcli_set_team,fail,./mugen-riscv/logs/os-basic/oe_test_nmcli_set_team/2023-04-28-10:06:10.log,nmcli 成功添加 team 设备后无法用 nmcli device 命令查到也无法用 nmcli up 命令激活， Error: Connection activation failed: team0 failed to create resources: Failed to create team master interface 'team0' for 'team0': Operation not supported
,oe_test_power_measurement_internal,fail,./mugen-riscv/logs/os-basic/oe_test_power_measurement_internal/2023-07-12-12_21_41.log,受 qemu 运行速度影响，更改 SLEEP_WAIT 参数，手动重测通过
,oe_test_system_log_dmesg,fail,./mugen-riscv/logs/os-basic/oe_test_system_log_dmesg/2023-04-28-04:12:53.log,"测试套问题， dmesg | grep -iE ""Booting Linux on physical CPU|smpboot"" 不适合 qemu riscv"
,oe_test_system_log_view,fail,./mugen-riscv/logs/os-basic/oe_test_system_log_view/2023-04-28-04:11:47.log,文件 /var/log/messages 不存在
,oe_test_system_monitor_share_total,fail,./mugen-riscv/logs/os-basic/oe_test_system_monitor_share_total/2023-04-28-10:05:14.log,测试镜像环境不支持 bfq scheduler
,oe_test_xmlsec,fail,./mugen-riscv/logs/os-basic/oe_test_xmlsec/2023-04-28-10:22:18.log,镜像没有预装测试所需的 kernel-headers
,oe_test_xzcmp,fail,./mugen-riscv/logs/os-basic/oe_test_xzcmp/2023-04-28-11:10:16.log,测试套问题，脚本需要测试环境默认语言为中文
,oe_test_zlib,fail,./mugen-riscv/logs/os-basic/oe_test_zlib/2023-04-28-10:10:25.log,镜像没有预装测试所需的 kernel-headers
AT,oe_test_CPUinfo_001,fail,./mugen-riscv/logs/AT/oe_test_CPUinfo_001/2023-05-22-00:17:16.log,file missing/timeout
,oe_test_MEMinfo_001,fail,./mugen-riscv/logs/AT/oe_test_MEMinfo_001/2023-04-29-03:25:51.log,file missing
,oe_test_OVS,fail,./mugen-riscv/logs/AT/oe_test_OVS/2023-04-29-00:36:08.log,timeout
,oe_test_arping,fail,./mugen-riscv/logs/AT/oe_test_arping/2023-04-29-04:35:42.log,
,oe_test_criu,fail,./mugen-riscv/logs/AT/oe_test_criu/2023-04-29-03:07:12.log,file missing
,oe_test_docker_attach_001,fail,./mugen-riscv/logs/AT/oe_test_docker_attach_001/2023-04-29-01:22:08.log,Broken testcase
,oe_test_docker_commit_export_import_001,fail,./mugen-riscv/logs/AT/oe_test_docker_commit_export_import_001/2023-04-29-01:17:03.log,Broken testcase
,oe_test_docker_cp_001,fail,./mugen-riscv/logs/AT/oe_test_docker_cp_001/2023-04-29-01:06:17.log,Broken testcase
,oe_test_docker_create_001,fail,./mugen-riscv/logs/AT/oe_test_docker_create_001/2023-04-29-01:34:50.log,Broken testcase
,oe_test_docker_create_002,fail,./mugen-riscv/logs/AT/oe_test_docker_create_002/2023-04-29-01:19:29.log,Broken testcase
,oe_test_docker_create_003,fail,./mugen-riscv/logs/AT/oe_test_docker_create_003/2023-04-29-01:32:17.log,Broken testcase
,oe_test_docker_exec_cmd_001,fail,./mugen-riscv/logs/AT/oe_test_docker_exec_cmd_001/2023-04-29-01:29:43.log,Broken testcase
,oe_test_docker_image_history_001,fail,./mugen-riscv/logs/AT/oe_test_docker_image_history_001/2023-04-29-01:14:11.log,Broken testcase
,oe_test_docker_rename_pause_resume_001,fail,./mugen-riscv/logs/AT/oe_test_docker_rename_pause_resume_001/2023-04-29-01:08:45.log,Broken testcase
,oe_test_docker_save_load_001,fail,./mugen-riscv/logs/AT/oe_test_docker_save_load_001/2023-04-29-01:37:31.log,Broken testcase
,oe_test_docker_search_info_001,fail,./mugen-riscv/logs/AT/oe_test_docker_search_info_001/2023-04-29-01:11:26.log,Broken testcase
,oe_test_docker_start_stop_delete_001,fail,./mugen-riscv/logs/AT/oe_test_docker_start_stop_delete_001/2023-04-29-01:24:31.log,docker path error
,oe_test_docker_tag_001,fail,./mugen-riscv/logs/AT/oe_test_docker_tag_001/2023-04-29-01:27:12.log,Broken testcase
,oe_test_iSula_attach_rename_001,fail,./mugen-riscv/logs/AT/oe_test_iSula_attach_rename_001/2023-04-29-02:14:25.log,docker镜像地址错误
,oe_test_iSula_cp_001,fail,./mugen-riscv/logs/AT/oe_test_iSula_cp_001/2023-04-29-02:18:34.log,docker镜像地址错误
,oe_test_iSula_create_start_001,fail,./mugen-riscv/logs/AT/oe_test_iSula_create_start_001/2023-04-29-02:20:38.log,docker镜像地址错误
,oe_test_iSula_exec_cmd_001,fail,./mugen-riscv/logs/AT/oe_test_iSula_exec_cmd_001/2023-04-29-02:26:49.log,Broken testcase
,oe_test_iSula_export_001,fail,./mugen-riscv/logs/AT/oe_test_iSula_export_001/2023-04-29-02:16:30.log,docker镜像地址错误
,oe_test_iSula_mkdir100_001,fail,./mugen-riscv/logs/AT/oe_test_iSula_mkdir100_001/2023-04-29-02:30:51.log,docker镜像地址错误
,oe_test_iSula_pause_resume_001,fail,./mugen-riscv/logs/AT/oe_test_iSula_pause_resume_001/2023-04-29-02:32:56.log,docker镜像地址错误
,oe_test_iSula_query_state_001,fail,./mugen-riscv/logs/AT/oe_test_iSula_query_state_001/2023-04-29-02:12:18.log,docker镜像地址错误
,oe_test_iSula_restart_stop_001,fail,./mugen-riscv/logs/AT/oe_test_iSula_restart_stop_001/2023-04-29-02:22:41.log,docker镜像地址错误
,oe_test_iSula_search_info_001,fail,./mugen-riscv/logs/AT/oe_test_iSula_search_info_001/2023-04-29-02:24:46.log,docker镜像地址错误
,oe_test_iscsi,fail,./mugen-riscv/logs/AT/oe_test_iscsi/2023-04-29-03:18:50.log,CONFIG_CONFIGFS_FS is not set
,oe_test_log_001,fail,./mugen-riscv/logs/AT/oe_test_log_001/2023-04-29-03:23:03.log,preinstall absent
,oe_test_numactl,fail,./mugen-riscv/logs/AT/oe_test_numactl/2023-04-29-03:29:49.log,CONFIG_NUMA is not set
,oe_test_perf,fail,./mugen-riscv/logs/AT/oe_test_perf/2023-04-29-03:32:37.log,timeout
,oe_test_pwd_001,fail,./mugen-riscv/logs/AT/oe_test_pwd_001/2023-04-29-03:33:42.log,preinstall absent
,oe_test_rollback,fail,./mugen-riscv/logs/AT/oe_test_rollback/2023-04-29-03:54:37.log,mugen 测试代码并没有考虑到git软件包已安装时的情况
,oe_test_rpm_suffix_name,fail,./mugen-riscv/logs/AT/oe_test_rpm_suffix_name/2023-04-29-00:35:20.log,dnf list 获取的oetestsuite 软件仓中软件包版本号不带有oe2303的规范
,oe_test_service,fail,./mugen-riscv/logs/AT/oe_test_service/2023-04-29-00:34:27.log,preinstall absent
,oe_test_skopeo,fail,./mugen-riscv/logs/AT/oe_test_skopeo/2023-04-29-03:35:50.log,choosing image instance: no image found in manifest list for architecture riscv64
,oe_test_syslog_logrotate_001,fail,./mugen-riscv/logs/AT/oe_test_syslog_logrotate_001/2023-04-29-03:47:46.log,preinstall absent
,oe_test_yumgroup_001,fail,./mugen-riscv/logs/AT/oe_test_yumgroup_001/2023-04-29-03:51:10.log,oe-rv目前软件仓内并没有划分软件包组
,oe_test_IPV6_traceroute6_02,fail,./mugen-riscv/logs/AT/oe_test_IPV6_traceroute6_02/2023-04-29-05:02:14.log,
,oe_test_audit_fixed_memory_02,fail,./mugen-riscv/logs/AT/oe_test_audit_fixed_memory_02/2023-04-29-07:16:50.log,file missing
,oe_test_bbr_02,fail,./mugen-riscv/logs/AT/oe_test_bbr_02/2023-04-29-07:17:44.log,preinstall absent
,oe_test_bbr_04,fail,./mugen-riscv/logs/AT/oe_test_bbr_04/2023-04-29-07:18:03.log,kernel module absent
,oe_test_bonding_SCEN_05,fail,./mugen-riscv/logs/AT/oe_test_bonding_SCEN_05/2023-04-29-07:18:23.log,preinstall absent kernel module absent
,oe_test_dracut,fail,./mugen-riscv/logs/AT/oe_test_dracut/2023-04-29-04:48:54.log,preinstall absent
,oe_test_ebtables,fail,./mugen-riscv/logs/AT/oe_test_ebtables/2023-04-29-04:49:13.log,preinstall absent
,oe_test_ethtool_01,fail,./mugen-riscv/logs/AT/oe_test_ethtool_01/2023-04-29-04:49:28.log,preinstall absent
,oe_test_gettext,fail,./mugen-riscv/logs/AT/oe_test_gettext/2023-04-29-05:34:11.log,
,oe_test_glibc_getaddrinfo_01,fail,./mugen-riscv/logs/AT/oe_test_glibc_getaddrinfo_01/2023-04-29-04:50:30.log,
,oe_test_golang,fail,./mugen-riscv/logs/AT/oe_test_golang/2023-04-29-03:09:47.log,file missing
,oe_test_grub2_mkconfig,fail,./mugen-riscv/logs/AT/oe_test_grub2_mkconfig/2023-04-29-04:53:11.log,preinstall absent
,oe_test_ifconfig_ipv6_01,fail,./mugen-riscv/logs/AT/oe_test_ifconfig_ipv6_01/2023-04-29-04:54:20.log,file missing
,oe_test_ip6tables_01,fail,./mugen-riscv/logs/AT/oe_test_ip6tables_01/2023-04-29-04:54:57.log,
,oe_test_ip_ipv6_01,fail,./mugen-riscv/logs/AT/oe_test_ip_ipv6_01/2023-04-29-04:55:26.log,
,oe_test_ip_ipv6_02,fail,./mugen-riscv/logs/AT/oe_test_ip_ipv6_02/2023-04-29-04:55:55.log,
,oe_test_ip_ipv6_03,fail,./mugen-riscv/logs/AT/oe_test_ip_ipv6_03/2023-04-29-04:56:31.log,
,oe_test_ip_ipv6_04,fail,./mugen-riscv/logs/AT/oe_test_ip_ipv6_04/2023-04-29-04:56:48.log,
,oe_test_ip_rule_01,fail,./mugen-riscv/logs/AT/oe_test_ip_rule_01/2023-04-29-04:58:05.log,CONFIG_IP_MULTIPLE_TABLES is not set
,oe_test_ip_rule_02,fail,./mugen-riscv/logs/AT/oe_test_ip_rule_02/2023-04-29-04:58:21.log,CONFIG_IP_MULTIPLE_TABLES is not set
,oe_test_iproute_ipv6_01,fail,./mugen-riscv/logs/AT/oe_test_iproute_ipv6_01/2023-04-29-04:57:28.log,
,oe_test_iptables-save,fail,./mugen-riscv/logs/AT/oe_test_iptables-save/2023-04-29-04:58:43.log,
,oe_test_ipv6_VLAN_01,fail,./mugen-riscv/logs/AT/oe_test_ipv6_VLAN_01/2023-04-29-05:04:11.log,
,oe_test_ipv6_VLAN_02,fail,./mugen-riscv/logs/AT/oe_test_ipv6_VLAN_02/2023-04-29-05:04:28.log,
,oe_test_iscsid,fail,./mugen-riscv/logs/AT/oe_test_iscsid/2023-04-29-05:06:01.log,can not create NETLINK_ISCSI socket [Protocol not supported]可能为内核问题
,oe_test_mtr,fail,./mugen-riscv/logs/AT/oe_test_mtr/2023-04-29-06:34:05.log,
,oe_test_ncurses,fail,./mugen-riscv/logs/AT/oe_test_ncurses/2023-04-29-05:19:24.log,
,oe_test_normal_tcpdump_02,fail,./mugen-riscv/logs/AT/oe_test_normal_tcpdump_02/2023-04-29-07:24:28.log,file missing/timeout
,oe_test_normal_tcpdump_03,fail,./mugen-riscv/logs/AT/oe_test_normal_tcpdump_03/2023-04-29-05:27:14.log,file missing
,oe_test_normal_tcpdump_04,fail,./mugen-riscv/logs/AT/oe_test_normal_tcpdump_04/2023-04-29-07:25:19.log,file missing
,oe_test_os-prober_01,fail,./mugen-riscv/logs/AT/oe_test_os-prober_01/2023-04-29-05:29:35.log,preinstall absent
,oe_test_os-prober_02,fail,./mugen-riscv/logs/AT/oe_test_os-prober_02/2023-04-29-05:29:49.log,preinstall absent
,oe_test_perf_top_01,fail,./mugen-riscv/logs/AT/oe_test_perf_top_01/2023-04-29-07:27:01.log,file missing
,oe_test_route_ipv6,fail,./mugen-riscv/logs/AT/oe_test_route_ipv6/2023-04-29-05:38:09.log,
,oe_test_rsyslog_01,fail,./mugen-riscv/logs/AT/oe_test_rsyslog_01/2023-04-29-05:42:07.log,preinstall absent
,oe_test_rsyslog_02,fail,./mugen-riscv/logs/AT/oe_test_rsyslog_02/2023-04-29-05:42:30.log,preinstall absent
,oe_test_rsyslog_03,fail,./mugen-riscv/logs/AT/oe_test_rsyslog_03/2023-04-29-05:42:46.log,preinstall absent
,oe_test_rsyslog_04,fail,./mugen-riscv/logs/AT/oe_test_rsyslog_04/2023-04-29-05:43:06.log,preinstall absent
,oe_test_rsyslog_05,fail,./mugen-riscv/logs/AT/oe_test_rsyslog_05/2023-04-29-05:43:46.log,preinstall absent
,oe_test_rsyslog_06,fail,./mugen-riscv/logs/AT/oe_test_rsyslog_06/2023-04-29-05:48:41.log,preinstall absent
,oe_test_rsyslog_07,fail,./mugen-riscv/logs/AT/oe_test_rsyslog_07/2023-04-29-05:49:08.log,preinstall absent
,oe_test_rsyslog_08,fail,./mugen-riscv/logs/AT/oe_test_rsyslog_08/2023-04-29-05:49:26.log,file missing
,oe_test_rsyslog_09,fail,./mugen-riscv/logs/AT/oe_test_rsyslog_09/2023-04-29-05:50:24.log,preinstall absent
,oe_test_rsyslog_10,fail,./mugen-riscv/logs/AT/oe_test_rsyslog_10/2023-04-29-05:51:26.log,PMU Hardware doesn't support sampling/overflow-interrupts.
,oe_test_rule_ipv6,fail,./mugen-riscv/logs/AT/oe_test_rule_ipv6/2023-04-29-06:06:44.log,CONFIG_IP_MULTIPLE_TABLES is not set
,oe_test_sevice_001,fail,./mugen-riscv/logs/AT/oe_test_sevice_001/2023-04-29-03:35:22.log,
,oe_test_stat,fail,./mugen-riscv/logs/AT/oe_test_stat/2023-04-29-06:08:58.log,
,oe_test_systemd_SCEN_01,fail,./mugen-riscv/logs/AT/oe_test_systemd_SCEN_01/2023-04-29-06:26:34.log,systemd unit restart failure
,oe_test_systemd_journald,fail,./mugen-riscv/logs/AT/oe_test_systemd_journald/2023-04-29-06:15:30.log,preinstall absent
,oe_test_tftp_ipv6,fail,./mugen-riscv/logs/AT/oe_test_tftp_ipv6/2023-04-29-06:19:12.log,file missing
,oe_test_user_debug_iotop_03,fail,./mugen-riscv/logs/AT/oe_test_user_debug_iotop_03/2023-04-29-07:33:31.log,file missing
NetworkManager,oe_test_libnetfilter_conntrack,fail,./mugen-riscv/logs/NetworkManager/oe_test_libnetfilter_conntrack/2023-05-25-16_27_41.log,镜像没有预装测试所需的 kernel-headers
OpenIPMI,oe_test_service_ipmi,fail,./mugen-riscv/logs/OpenIPMI/oe_test_service_ipmi/2023-05-25-21_21_10.log,
acl,oe_test_acl_default_kernel_setting,fail,./mugen-riscv/logs/acl/oe_test_acl_default_kernel_setting/2023-05-25-16_29_46.log,未打开 CONFIG_XFS_POSIX_ACL=y
ant,oe_test_ant_002,fail,./mugen-riscv/logs/ant/oe_test_ant_002/2023-05-25-21_46_23.log,
apache-commons-daemon,oe_test_jsvc_base,fail,./mugen-riscv/logs/apache-commons-daemon/oe_test_jsvc_base/2023-05-25-21_44_16.log,
arptables,oe_test_service_arptables,fail,./mugen-riscv/logs/arptables/oe_test_service_arptables/2023-05-25-21_46_57.log,
cachefilesd,oe_test_service_cachefilesd,fail,./mugen-riscv/logs/cachefilesd/oe_test_service_cachefilesd/2023-05-25-13:58:05.log,
ceph,oe_test_target_ceph-fuse,fail,./mugen-riscv/logs/ceph/oe_test_target_ceph-fuse/2023-05-25-14:09:22.log,pkg not found/file missing
,oe_test_target_ceph-mds,fail,./mugen-riscv/logs/ceph/oe_test_target_ceph-mds/2023-05-25-14:11:16.log,pkg not found/file missing
,oe_test_target_ceph-mgr,fail,./mugen-riscv/logs/ceph/oe_test_target_ceph-mgr/2023-05-25-14:13:09.log,pkg not found/file missing
,oe_test_target_ceph-mon,fail,./mugen-riscv/logs/ceph/oe_test_target_ceph-mon/2023-05-25-14:15:26.log,pkg not found/file missing
,oe_test_target_ceph-osd,fail,./mugen-riscv/logs/ceph/oe_test_target_ceph-osd/2023-05-25-14:17:24.log,pkg not found/file missing
,oe_test_target_ceph-radosgw,fail,./mugen-riscv/logs/ceph/oe_test_target_ceph-radosgw/2023-05-25-14:19:20.log,pkg not found/file missing
,oe_test_target_ceph-rbd-mirror,fail,./mugen-riscv/logs/ceph/oe_test_target_ceph-rbd-mirror/2023-05-25-14:21:20.log,pkg not found/file missing
chrony,oe_test_service_chronyd,fail,./mugen-riscv/logs/chrony/oe_test_service_chronyd/2023-05-25-14:08:06.log,preinstall absent/systemd unit restart failure/systemd unit runtime error
clamav,oe_test_clamav_clamdscan_scan,fail,./mugen-riscv/logs/clamav/oe_test_clamav_clamdscan_scan/2023-05-25-15:07:54.log,
container-exception-logger,oe_test_container-exception-logger,fail,./mugen-riscv/logs/container-exception-logger/oe_test_container-exception-logger/2023-05-25-18:02:20.log,打包错误
cryptsetup,oe_test_encrypt_data,fail,./mugen-riscv/logs/cryptsetup/oe_test_encrypt_data/2023-05-31-17:02:28.log,
,oe_test_luks_encrypted,fail,./mugen-riscv/logs/cryptsetup/oe_test_luks_encrypted/2023-05-31-17:04:33.log,
,oe_test_use_luks,fail,./mugen-riscv/logs/cryptsetup/oe_test_use_luks/2023-05-31-17:07:04.log,
dejagnu,oe_test_dejagnu_runtest_02,fail,./mugen-riscv/logs/dejagnu/oe_test_dejagnu_runtest_02/2023-05-25-21:23:14.log,
dhcp,oe_test_service_dhcrelay,fail,./mugen-riscv/logs/dhcp/oe_test_service_dhcrelay/2023-05-25-21:40:24.log,preinstall absent/systemd unit restart failure/systemd unit runtime error
dnf,oe_test_dnf_all-repos,fail,./mugen-riscv/logs/dnf/oe_test_dnf_all-repos/2023-05-25-16_43_17.log,oerv 和 x86 的软件源结构不同
,oe_test_dnf_enhancement_exclude,fail,./mugen-riscv/logs/dnf/oe_test_dnf_enhancement_exclude/2023-05-25-17_11_41.log,oerv 和 x86 的软件源结构不同
,oe_test_dnf_makecache_clean,fail,./mugen-riscv/logs/dnf/oe_test_dnf_makecache_clean/2023-05-25-16_56_12.log,oerv 和 x86 的软件源结构不同
,oe_test_dnf_nobest_nodocs_nogpgcheck,fail,./mugen-riscv/logs/dnf/oe_test_dnf_nobest_nodocs_nogpgcheck/2023-05-25-17_16_55.log,oerv 和 x86 的软件源结构不同
,oe_test_dnf_priority,fail,./mugen-riscv/logs/dnf/oe_test_dnf_priority/2023-05-25-17_18_28.log,oerv 和 x86 的软件源结构不同
,oe_test_dnf_provides_randomwait,fail,./mugen-riscv/logs/dnf/oe_test_dnf_provides_randomwait/2023-05-25-17_19_15.log,oerv 和 x86 的软件源结构不同
,oe_test_dnf_repeat-install,fail,./mugen-riscv/logs/dnf/oe_test_dnf_repeat-install/2023-05-25-17_23_20.log,oerv 和 x86 的软件源结构不同
dnssec-trigger,oe_test_service_dnssec-triggerd,fail,./mugen-riscv/logs/dnssec-trigger/oe_test_service_dnssec-triggerd/2023-05-25-22:42:58.log,find: ‘/etc/systemd/system/multi-user.target.wants/dnssec-triggerd.service’: No such file or directory
dracut,oe_test_service_dracut-shutdown,fail,./mugen-riscv/logs/dracut/oe_test_service_dracut-shutdown/2023-05-26-00:26:32.log,preinstall absent/systemd unit restart failure/systemd unit runtime error
etcd,oe_test_etcd_01,fail,./mugen-riscv/logs/etcd/oe_test_etcd_01/2023-05-26-13:30:41.log,systemd unit restart failure
,oe_test_etcd_02,fail,./mugen-riscv/logs/etcd/oe_test_etcd_02/2023-05-26-13:35:31.log,systemd unit restart failure/timeout
,oe_test_etcd_04,fail,./mugen-riscv/logs/etcd/oe_test_etcd_04/2023-05-26-14:36:15.log,systemd unit restart failure/timeout
,oe_test_service_etcd,fail,./mugen-riscv/logs/etcd/oe_test_service_etcd/2023-05-26-13:26:15.log,file missing/systemd unit restart failure/systemd unit runtime error/systemd unit enable failure
fcoe-utils,oe_test_service_fcoe,fail,./mugen-riscv/logs/fcoe-utils/oe_test_service_fcoe/2023-05-26-14:16:43.log,Job for fcoe.service failed because the control process exited with error code.
freeradius,oe_test_freeradius_freeradius-utils_rad_counter,fail,./mugen-riscv/logs/freeradius/oe_test_freeradius_freeradius-utils_rad_counter/2023-05-26-17:57:11.log,
,oe_test_freeradius_freeradius-utils_radclient,fail,./mugen-riscv/logs/freeradius/oe_test_freeradius_freeradius-utils_radclient/2023-05-26-17:33:18.log,
,oe_test_freeradius_freeradius-utils_radclient2,fail,./mugen-riscv/logs/freeradius/oe_test_freeradius_freeradius-utils_radclient2/2023-05-26-17:47:10.log,
,oe_test_freeradius_freeradius-utils_radeapclient,fail,./mugen-riscv/logs/freeradius/oe_test_freeradius_freeradius-utils_radeapclient/2023-05-26-18:08:32.log,timeout
,oe_test_freeradius_freeradius-utils_radwho,fail,./mugen-riscv/logs/freeradius/oe_test_freeradius_freeradius-utils_radwho/2023-05-26-18:57:24.log,file missing
,oe_test_freeradius_freeradius-utils_radzap,fail,./mugen-riscv/logs/freeradius/oe_test_freeradius_freeradius-utils_radzap/2023-05-26-18:58:31.log,file missing
,oe_test_freeradius_freeradius-utils_rlm_ippool_toolAndSmbencrypt,fail,./mugen-riscv/logs/freeradius/oe_test_freeradius_freeradius-utils_rlm_ippool_toolAndSmbencrypt/2023-05-26-19:00:20.log,file missing
,oe_test_freeradius_freeradius_raddebugAndCheckrad,fail,./mugen-riscv/logs/freeradius/oe_test_freeradius_freeradius_raddebugAndCheckrad/2023-05-26-17:00:58.log,
,oe_test_freeradius_freeradius_radiusd,fail,./mugen-riscv/logs/freeradius/oe_test_freeradius_freeradius_radiusd/2023-05-26-17:19:22.log,
,oe_test_freeradius_freeradius_radiusdAndRadmin,fail,./mugen-riscv/logs/freeradius/oe_test_freeradius_freeradius_radiusdAndRadmin/2023-05-26-17:25:19.log,
,oe_test_service_radiusd,fail,./mugen-riscv/logs/freeradius/oe_test_service_radiusd/2023-05-26-19:01:19.log,file missing/systemd unit restart failure/systemd unit runtime error/systemd unit enable failure
ganglia,oe_test_service_gmetad,fail,./mugen-riscv/logs/ganglia/oe_test_service_gmetad/2023-05-26-19:52:14.log,file missing/systemd unit restart failure/systemd unit runtime error/systemd unit enable failure
gdm,oe_test_service_gdm,fail,./mugen-riscv/logs/gdm/oe_test_service_gdm/2023-05-26-20:01:27.log,下载超时
gegl04,oe_test_gegl04_gegl-imgcmp,fail,./mugen-riscv/logs/gegl04/oe_test_gegl04_gegl-imgcmp/2023-05-26-20:44:10.log,
geos,oe_test_geos_commandAndbaseFun,fail,./mugen-riscv/logs/geos/oe_test_geos_commandAndbaseFun/2023-05-26-20:56:07.log,镜像没有预装测试所需的 kernel-headers
glib2,oe_test_glib2,fail,./mugen-riscv/logs/glib2/oe_test_glib2/2023-05-25-16_48_06.log,镜像没有预装测试所需的 kernel-headers
graphviz,oe_test_service_zvbid,fail,./mugen-riscv/logs/graphviz/oe_test_service_zvbid/2023-05-26-22:11:36.log,
htop,oe_test_htop_02,fail,./mugen-riscv/logs/htop/oe_test_htop_02/2023-05-26-23:02:23.log,测试套编写错误
initscripts,oe_test_service_import-state,fail,./mugen-riscv/logs/initscripts/oe_test_service_import-state/2023-05-27-01:00:01.log,preinstall absent/systemd unit restart failure/systemd unit runtime error
,oe_test_service_loadmodules,fail,./mugen-riscv/logs/initscripts/oe_test_service_loadmodules/2023-05-27-01:01:03.log,preinstall absent/systemd unit restart failure/systemd unit runtime error
kernel,oe_test_hqlogic,fail,./mugen-riscv/logs/kernel/oe_test_hqlogic/2023-05-25-17_09_19.log,内核模块缺失 qla2xxx
,oe_test_ipip,fail,./mugen-riscv/logs/kernel/oe_test_ipip/2023-05-25-17_07_08.log,内核模块缺失 ipip
,oe_test_kernel_cmd_01,fail,./mugen-riscv/logs/kernel/oe_test_kernel_cmd_01/2023-05-25-17_00_23.log,测试使用 hostnamectl | grep Virtualization 判断是否为虚拟机，而 qemu-system-riscv64 不适用这个方法
,oe_test_lpfc,fail,./mugen-riscv/logs/kernel/oe_test_lpfc/2023-05-25-17_11_35.log,内核模块缺失 lpfc
,oe_test_qxl,fail,./mugen-riscv/logs/kernel/oe_test_qxl/2023-05-25-17_10_14.log,内核模块缺失 qxl
,oe_test_service_cpupower,fail,./mugen-riscv/logs/kernel/oe_test_service_cpupower/2023-05-25-17_06_08.log,测试使用 hostnamectl | grep Virtualization 判断是否为虚拟机，而 qemu-system-riscv64 不适用这个方法
,oe_test_snd_aloop,fail,./mugen-riscv/logs/kernel/oe_test_snd_aloop/2023-05-25-17_08_23.log,内核模块缺失 snd-aloop
,oe_test_softdog,fail,./mugen-riscv/logs/kernel/oe_test_softdog/2023-05-25-17_12_40.log,内核模块缺失 softdog
,oe_test_vport-geneve,fail,./mugen-riscv/logs/kernel/oe_test_vport-geneve/2023-05-25-17_10_48.log,内核模块缺失 vport-geneve
,oe_test_wangxun,fail,./mugen-riscv/logs/kernel/oe_test_wangxun/2023-05-25-17_13_55.log,内核模块缺失 ngbe.ko txgbe.ko
,oe_test_xfs,fail,./mugen-riscv/logs/kernel/oe_test_xfs/2023-05-25-17_13_30.log,内核模块缺失 xfs
kmod,oe_test_rmmod,fail,./mugen-riscv/logs/kmod/oe_test_rmmod/2023-05-25-17_05_55.log,内核模块缺失 dm_log dm_mirror dm_region_hash
,oe_test_weak-modules,fail,./mugen-riscv/logs/kmod/oe_test_weak-modules/2023-05-25-17_06_19.log,镜像没有预装测试所需的 dracut （引入后 Unable to decompress /boot/initramfs-6.1.8-3.oe2303.riscv64.img: Unknown format）
libarchive,oe_test_libarchive_bsdcpio,fail,./mugen-riscv/logs/libarchive/oe_test_libarchive_bsdcpio/2023-06-02-09_35_39.log,
libuuid,oe_test_libuuid,fail,./mugen-riscv/logs/libuuid/oe_test_libuuid/2023-06-02-10_37_08.log,
lvm2,oe_test_service_lvmlockd,fail,./mugen-riscv/logs/lvm2/oe_test_service_lvmlockd/2023-05-25-17_30_48.log,oerv 缺失软件包 lvm2-locked
,oe_test_service_lvmlocks,fail,./mugen-riscv/logs/lvm2/oe_test_service_lvmlocks/2023-05-25-17_32_35.log,oerv 缺失软件包 lvm2-locked
systemd,oe_test_socket_syslog,fail,./mugen-riscv/logs/systemd/oe_test_socket_syslog/2023-05-25-21_41_08.log,镜像没有预装测试所需的 rsyslog
ipset,oe_test_service_ipset_02,fail,./mugen-riscv/logs/ipset/oe_test_service_ipset_02/2023-06-02-03:14:42.log,内核没有 ipset 支持，可以用 zcat /proc/config.gz | grep IPSET 无输出验证
,oe_test_ipset_01,fail,./mugen-riscv/logs/ipset/oe_test_ipset_01/2023-06-02-03:15:50.log,内核没有 ipset 支持，可以用 zcat /proc/config.gz | grep IPSET 无输出验证
java-1.8.0-openjdk,oe_test_openjdk_jdb_jdeps,fail,./mugen-riscv/logs/java-1.8.0-openjdk/oe_test_openjdk_jdb_jdeps/2023-06-02-04:51:28.log,file missing
javapackages-tools,oe_test_binary_files_operation,fail,./mugen-riscv/logs/javapackages-tools/oe_test_binary_files_operation/2023-06-02-05:38:07.log,log4j 依赖关系不满足
,oe_test_build-jar-repository,fail,./mugen-riscv/logs/javapackages-tools/oe_test_build-jar-repository/2023-06-02-05:43:17.log,log4j 依赖关系不满足
kubernetes,oe_test_service_kube-scheduler,fail,./mugen-riscv/logs/kubernetes/oe_test_service_kube-scheduler/2023-06-02-07:44:54.log,file missing/systemd unit restart failure/systemd unit runtime error/systemd unit enable failure
,oe_test_service_kubelet,fail,./mugen-riscv/logs/kubernetes/oe_test_service_kubelet/2023-06-02-08:07:26.log,file missing/systemd unit restart failure/systemd unit runtime error/systemd unit enable failure
,oe_test_service_kube-proxy,fail,./mugen-riscv/logs/kubernetes/oe_test_service_kube-proxy/2023-06-02-08:10:42.log,file missing/systemd unit restart failure/systemd unit runtime error/systemd unit enable failure
,oe_test_service_kube-apiserver,fail,./mugen-riscv/logs/kubernetes/oe_test_service_kube-apiserver/2023-06-02-08:26:16.log,file missing/systemd unit restart failure/systemd unit runtime error/systemd unit enable failure
ladspa,oe_test_ladspa_analyseplugin,fail,./mugen-riscv/logs/ladspa/oe_test_ladspa_analyseplugin/2023-06-02-08:39:27.log,
,oe_test_ladspa_applyplugin,fail,./mugen-riscv/logs/ladspa/oe_test_ladspa_applyplugin/2023-06-02-08:40:30.log,
librabbitmq,oe_test_librabbitmq_amqp-consume,fail,./mugen-riscv/logs/librabbitmq/oe_test_librabbitmq_amqp-consume/2023-06-02-09:39:24.log,
libwmf,oe_test_libwmf_wmf2x_01,fail,./mugen-riscv/logs/libwmf/oe_test_libwmf_wmf2x_01/2023-06-02-12:35:03.log,
lksctp-tools,oe_test_lksctp-tools_checksctp,fail,./mugen-riscv/logs/lksctp-tools/oe_test_lksctp-tools_checksctp/2023-06-02-12:54:34.log,内核模块缺失  sctp ，内核配置缺失 CONFIG_IP_SCTP ，导致 checksctp: Protocol not supported
,oe_test_lksctp-tools_sctp_darn_02,fail,./mugen-riscv/logs/lksctp-tools/oe_test_lksctp-tools_sctp_darn_02/2023-06-02-13:25:57.log,内核模块缺失  sctp ，导致 sctp_darn: failed to create socket:  Socket type not supported.
,oe_test_lksctp-tools_sctp_status,fail,./mugen-riscv/logs/lksctp-tools/oe_test_lksctp-tools_sctp_status/2023-06-02-13:26:57.log,内核模块缺失  sctp ，导致 sctp_darn: failed to create socket:  Socket type not supported.
,oe_test_lksctp-tools_sctp_test,fail,./mugen-riscv/logs/lksctp-tools/oe_test_lksctp-tools_sctp_test/2023-06-02-13:28:11.log,"内核模块缺失  sctp ，导致 socket(SOCK_SEQPACKET, IPPROTO_SCTP) 函数调用失败 socket: failed to create socket:  Socket type not supported"
,oe_test_lksctp-tools_sctp_darn_01,fail,./mugen-riscv/logs/lksctp-tools/oe_test_lksctp-tools_sctp_darn_01/2023-06-02-12:55:49.log,内核模块缺失  sctp ，导致 sctp_darn: failed to create socket:  Socket type not supported.
lldpad,oe_test_service_lldpad,fail,./mugen-riscv/logs/lldpad/oe_test_service_lldpad/2023-06-02-13:30:03.log,lldpad.service 启动出现错误 setsockopt nearest_bridge: Invalid argument
logwatch,oe_test_logwatch,fail,./mugen-riscv/logs/logwatch/oe_test_logwatch/2023-06-02-13:38:08.log,
multipath-tools,oe_test_multipath-tools_kpartx,fail,./mugen-riscv/logs/multipath-tools/oe_test_multipath-tools_kpartx/2023-07-12-13_12_13.log,内核模块缺失 dm_multipath
,oe_test_multipath-tools_mpathconf,fail,./mugen-riscv/logs/multipath-tools/oe_test_multipath-tools_mpathconf/2023-07-12-13_16_30.log,内核模块缺失 dm_multipath
,oe_test_multipath-tools_mpathpersist,fail,./mugen-riscv/logs/multipath-tools/oe_test_multipath-tools_mpathpersist/2023-07-12-13_18_30.log,内核模块缺失 dm_multipath
,oe_test_multipath-tools_multipath_01,fail,./mugen-riscv/logs/multipath-tools/oe_test_multipath-tools_multipath_01/2023-07-12-13_22_20.log,内核模块缺失 dm_multipath
,oe_test_multipath-tools_multipath_02,fail,./mugen-riscv/logs/multipath-tools/oe_test_multipath-tools_multipath_02/2023-07-12-13_26_29.log,内核模块缺失 dm_multipath
,oe_test_service_multipathd,fail,./mugen-riscv/logs/multipath-tools/oe_test_service_multipathd/2023-07-12-13_30_26.log,内核模块缺失 dm_multipath ， multipathd[3663]: DM multipath kernel driver not loaded
FS_Device,oe_test_raid_faulty_1,fail,./mugen-riscv/logs/FS_Device/oe_test_raid_faulty_1/2023-04-28-13:28:46.log,Module md_mod not found
,oe_test_raid_faulty_2,fail,./mugen-riscv/logs/FS_Device/oe_test_raid_faulty_2/2023-04-28-13:29:20.log,Module md_mod not found
,oe_test_raid_faulty_3,fail,./mugen-riscv/logs/FS_Device/oe_test_raid_faulty_3/2023-04-28-13:29:57.log,Module md_mod not found
,oe_test_raid_faulty_add_device,fail,./mugen-riscv/logs/FS_Device/oe_test_raid_faulty_add_device/2023-04-28-13:30:33.log,Module md_mod not found
,oe_test_raid_faulty_rw,fail,./mugen-riscv/logs/FS_Device/oe_test_raid_faulty_rw/2023-04-28-13:31:16.log,Module md_mod not found
,oe_test_raid_faulty_w,fail,./mugen-riscv/logs/FS_Device/oe_test_raid_faulty_w/2023-04-28-13:40:08.log,Module md_mod not found
FS_Directory,oe_test_FSIO_dir_access_etc,fail,./mugen-riscv/logs/FS_Directory/oe_test_FSIO_dir_access_etc/2023-04-28-21:47:20.log,/etc文件夹内容与x86不符合
,oe_test_FSIO_dir_access_proc,fail,./mugen-riscv/logs/FS_Directory/oe_test_FSIO_dir_access_proc/2023-04-28-21:49:26.log,/proc/cpuinfo中正常显示cpu信息但无'CPU'关键字
,oe_test_FSIO_dir_access_var,fail,./mugen-riscv/logs/FS_Directory/oe_test_FSIO_dir_access_var/2023-04-28-21:52:08.log,/var文件夹内容与x86不符合
FS_Negative,oe_test_FSIO_create_full_dir,fail,./mugen-riscv/logs/FS_Negative/oe_test_FSIO_create_full_dir/2023-05-04-02:29:14.log,log文件过长无法分析
embedded_os_basic_test,oe_test_basic_cmd_dmesg,fail,./mugen-riscv/logs/embedded_os_basic_test/oe_test_basic_cmd_dmesg/2023-04-27-11:54:39.log,
,oe_test_system_log_logrotate,fail,./mugen-riscv/logs/embedded_os_basic_test/oe_test_system_log_logrotate/2023-04-27-12:14:23.log,preinstall absent
,oe_test_var_log,fail,./mugen-riscv/logs/embedded_os_basic_test/oe_test_var_log/2023-04-27-12:17:59.log,preinstall absent
netlabel_tools,oe_test_netlabel_tools_netlabelctl_01,fail,./mugen-riscv/logs/netlabel_tools/oe_test_netlabel_tools_netlabelctl_01/2023-04-26-11:14:56.log,“netlabelctl: error，failed to initialize the NetLabel library”
,oe_test_netlabel_tools_netlabelctl_02,fail,./mugen-riscv/logs/netlabel_tools/oe_test_netlabel_tools_netlabelctl_02/2023-04-26-11:16:42.log,”netlabelctl: error，failed to initialize the NetLabel library“
,oe_test_service_netlabel,fail,./mugen-riscv/logs/netlabel_tools/oe_test_service_netlabel/2023-04-26-11:12:30.log,systemd运行启动正常但日志有error信息“failed to initialize the NetLabel library”
ninja-build,oe_test_ninja-build_ninja,fail,./mugen-riscv/logs/ninja-build/oe_test_ninja-build_ninja/2023-04-26-11:46:06.log,提示 grep: warning: stray \ before -导致返回值为1 实际结果无误
nodejs,oe_test_nodejs_01,fail,./mugen-riscv/logs/nodejs/oe_test_nodejs_01/2023-04-26-11:49:28.log,Segmentation fault
,oe_test_nodejs_02,fail,./mugen-riscv/logs/nodejs/oe_test_nodejs_02/2023-04-26-11:52:52.log,Segmentation fault
,oe_test_nodejs_03,fail,./mugen-riscv/logs/nodejs/oe_test_nodejs_03/2023-04-26-11:56:07.log,Segmentation fault
numad,oe_test_service_numad,fail,./mugen-riscv/logs/numad/oe_test_service_numad/2023-04-26-12:11:17.log,systemd启动失败，原因未知
nvmetcli,oe_test_service_nvmet,fail,./mugen-riscv/logs/nvmetcli/oe_test_service_nvmet/2023-04-26-12:12:04.log,Module nvmet not found
obs-server,oe_test_service_obsapisetup,fail,./mugen-riscv/logs/obs-server/oe_test_service_obsapisetup/2023-04-26-13:39:34.log,systemd unit runtime error/systemd unit enable failure
open-iscsi,oe_test_service_iscsid,fail,./mugen-riscv/logs/open-iscsi/oe_test_service_iscsid/2023-04-26-12:21:15.log,iscsid.service 启动出现错误 iscsid: can not create NETLINK_ISCSI socket [Protocol not supported]
openvswitch,oe_test_service_openvswitch,fail,./mugen-riscv/logs/openvswitch/oe_test_service_openvswitch/2023-04-26-14:26:52.log,测试套问题，测试套使用 service 命令进行测试，而该命令在镜像中不存在 service: command not found
,oe_test_service_ovs-vswitchd,fail,./mugen-riscv/logs/openvswitch/oe_test_service_ovs-vswitchd/2023-04-26-14:34:14.log,测试套问题，测试套使用 service 命令进行测试，而该命令在镜像中不存在 service: command not found
,oe_test_service_ovsdb-server,fail,./mugen-riscv/logs/openvswitch/oe_test_service_ovsdb-server/2023-04-26-14:30:45.log,测试套问题，测试套使用 service 命令进行测试，而该命令在镜像中不存在 service: command not found
os-storage,oe_test_storage_Mutipath_configure_blacklist,fail,./mugen-riscv/logs/os-storage/oe_test_storage_Mutipath_configure_blacklist/2023-04-28-07:19:57.log,内核模块缺失 dm_multipath
,oe_test_storage_Mutipath_configure_defaults,fail,./mugen-riscv/logs/os-storage/oe_test_storage_Mutipath_configure_defaults/2023-04-28-07:16:45.log,内核模块缺失 dm_multipath
,oe_test_storage_Mutipath_configure_device,fail,./mugen-riscv/logs/os-storage/oe_test_storage_Mutipath_configure_device/2023-04-28-06:54:06.log,内核模块缺失 dm_multipath
,oe_test_storage_Mutipath_configure_section,fail,./mugen-riscv/logs/os-storage/oe_test_storage_Mutipath_configure_section/2023-04-28-07:09:02.log,内核模块缺失 dm_multipath
,oe_test_storage_Mutipath_mpathconf,fail,./mugen-riscv/logs/os-storage/oe_test_storage_Mutipath_mpathconf/2023-04-28-06:33:46.log,内核模块缺失 dm_multipath
,oe_test_storage_Mutipath_various_fields,fail,./mugen-riscv/logs/os-storage/oe_test_storage_Mutipath_various_fields/2023-04-28-07:03:35.log,内核模块缺失 dm_multipath
,oe_test_storage_Mutipath_view_info,fail,./mugen-riscv/logs/os-storage/oe_test_storage_Mutipath_view_info/2023-04-28-06:55:09.log,内核模块缺失 dm_multipath
,oe_test_storage_ext3_mount_write,fail,./mugen-riscv/logs/os-storage/oe_test_storage_ext3_mount_write/2023-04-28-07:18:51.log,mugen problem
,oe_test_storage_ext4_mount,fail,./mugen-riscv/logs/os-storage/oe_test_storage_ext4_mount/2023-04-28-06:55:41.log,mugen problem 
,oe_test_storage_fileCMD_mkfs,fail,./mugen-riscv/logs/os-storage/oe_test_storage_fileCMD_mkfs/2023-04-28-06:44:53.log,mugen problem
,oe_test_storage_fileCMD_pwd,fail,./mugen-riscv/logs/os-storage/oe_test_storage_fileCMD_pwd/2023-04-28-06:36:59.log,文件系统中并没有选择测试的目录，使用mkdir事先建立对应目录可过，建议加入pre_test中
,oe_test_storage_lvm_set_regionsize,fail,./mugen-riscv/logs/os-storage/oe_test_storage_lvm_set_regionsize/2023-04-28-11:35:23.log,内核模块缺失 dm-raid
,oe_test_storage_smb_cmd_smbcontrol,fail,./mugen-riscv/logs/os-storage/oe_test_storage_smb_cmd_smbcontrol/2023-04-28-09:42:50.log,运行软件时需要加载libmessages-util-samba4.so，在LD_LIBRARY_PATH环境变量相同时，x86环境下运行可自动找到对应文件，但riscv下无法找到，只有将对应lib的文件路径赋值到环境变量时才可正常运行
,oe_test_storage_smb_cmd_smbpasswd,fail,./mugen-riscv/logs/os-storage/oe_test_storage_smb_cmd_smbpasswd/2023-04-28-09:45:03.log,运行软件时需要加载libmessages-util-samba4.so，在LD_LIBRARY_PATH环境变量相同时，x86环境下运行可自动找到对应文件，但riscv下无法找到，只有将对应lib的文件路径赋值到环境变量时才可正常运行
,oe_test_storage_smb_cmd_smbstatus,fail,./mugen-riscv/logs/os-storage/oe_test_storage_smb_cmd_smbstatus/2023-04-28-09:54:50.log,运行软件时需要加载libmessages-util-samba4.so，在LD_LIBRARY_PATH环境变量相同时，x86环境下运行可自动找到对应文件，但riscv下无法找到，只有将对应lib的文件路径赋值到环境变量时才可正常运行
,oe_test_storage_smb_cmd_testparm,fail,./mugen-riscv/logs/os-storage/oe_test_storage_smb_cmd_testparm/2023-04-28-10:26:24.log,运行软件时需要加载libserver-role-samba4.so，在LD_LIBRARY_PATH环境变量相同时，x86环境下运行可自动找到对应文件，但riscv下无法找到，只有将对应lib的文件路径赋值到环境变量时才可正常运行
,oe_test_storage_smb_guest_share,fail,./mugen-riscv/logs/os-storage/oe_test_storage_smb_guest_share/2023-04-28-10:29:54.log,同上缺失lib文件，不过上面两个lib文件都需加载
,oe_test_storage_xfs_restore,fail,./mugen-riscv/logs/os-storage/oe_test_storage_xfs_restore/2023-04-28-11:05:53.log,xfsdemp error
pacemaker,oe_test_service_pacemaker,fail,./mugen-riscv/logs/pacemaker/oe_test_service_pacemaker/2023-04-26-15:09:53.log,
pcp,oe_test_service_pmmgr,fail,./mugen-riscv/logs/pcp/oe_test_service_pmmgr/2023-04-28-02:52:21.log,待测软件包 pcp-manager 不存在
,oe_test_service_pmwebd,fail,./mugen-riscv/logs/pcp/oe_test_service_pmwebd/2023-04-28-02:57:15.log,没有软件包提供 pmwebd.service
pcp-system-tools,oe_test_dstat_03,fail,./mugen-riscv/logs/pcp-system-tools/oe_test_dstat_03/2023-04-26-18:47:24.log,nohup的影响
,oe_test_pcp-uptime_pcp-verify,fail,./mugen-riscv/logs/pcp-system-tools/oe_test_pcp-uptime_pcp-verify/2023-04-26-19:39:11.log,启动时安装pcp无法复现，pcp卸载重装后可复现systemd日志显示与ioctl有关，log显示‘broken pipe’，具体原因未知
pigz,oe_test_pigz,fail,./mugen-riscv/logs/pigz/oe_test_pigz/2023-04-26-19:20:20.log,镜像没有预装待测软件包 pigz
podman,oe_test_podman_25,fail,./mugen-riscv/logs/podman/oe_test_podman_25/2023-04-26-21:13:50.log,fatal error: lfstack.push
,oe_test_podman_28,fail,./mugen-riscv/logs/podman/oe_test_podman_28/2023-04-26-21:16:36.log,fatal error: lfstack.push
,oe_test_podman_DK_25,fail,./mugen-riscv/logs/podman/oe_test_podman_DK_25/2023-04-26-22:16:39.log,docker rm all 时 fatal error: lfstack.push
,oe_test_podman_DK_28,fail,./mugen-riscv/logs/podman/oe_test_podman_DK_28/2023-04-26-22:19:52.log,docker rm all 时 fatal error: lfstack.push
prometheus2,oe_test_prometheus_cli,fail,./mugen-riscv/logs/prometheus2/oe_test_prometheus_cli/2023-04-26-20:11:39.log,复现时提示堆栈错误，
,oe_test_prometheus_management_api,fail,./mugen-riscv/logs/prometheus2/oe_test_prometheus_management_api/2023-04-26-21:12:02.log,kernel及sv57导致问题
,oe_test_prometheus_promtool,fail,./mugen-riscv/logs/prometheus2/oe_test_prometheus_promtool/2023-04-26-21:42:14.log,复现时提示堆栈错误
,oe_test_prometheus_querying_http_api,fail,./mugen-riscv/logs/prometheus2/oe_test_prometheus_querying_http_api/2023-04-26-20:41:49.log,kernel及sv57导致问题
,oe_test_prometheus_tsdb,fail,./mugen-riscv/logs/prometheus2/oe_test_prometheus_tsdb/2023-04-26-22:12:28.log,日志中出现堆栈错误的提示
,oe_test_service_prometheus,fail,./mugen-riscv/logs/prometheus2/oe_test_service_prometheus/2023-04-26-20:08:33.log,kernel及sv57导致问题
psacct,oe_test_psacct,fail,./mugen-riscv/logs/psacct/oe_test_psacct/2023-04-26-20:13:03.log,systemd启动失败，原因未知
,oe_test_service_psacct,fail,./mugen-riscv/logs/psacct/oe_test_service_psacct/2023-04-26-20:15:06.log,systemd启动失败，原因未知
qt5-qttools,oe_test_qt5-qttools_qdbus-qt5,fail,./mugen-riscv/logs/qt5-qttools/oe_test_qt5-qttools_qdbus-qt5/2023-04-28-01:03:31.log,Unable to autolaunch a dbus-daemon without a $DISPLAY for X11
quota,oe_test_service_quota_nld,fail,./mugen-riscv/logs/quota/oe_test_service_quota_nld/2023-04-26-21:17:36.log,quota_nld.service 启动出现错误 quota_nld: Cannot resolve quota netlink name: Cannot allocate memory
rasdaemon,oe_test_service_ras-mc-ctl,fail,./mugen-riscv/logs/rasdaemon/oe_test_service_ras-mc-ctl/2023-04-26-22:25:28.log,初始化EDAC v3.0.0 Drivers 失败
rdma-core,oe_test_socket_ibacm,fail,./mugen-riscv/logs/rdma-core/oe_test_socket_ibacm/2023-04-26-22:38:45.log,ibacm.socket 启动出现错误 ibacm.socket: Failed to create listening socket (rdma 4): Protocol not supported
realmd,oe_test_service_realmd,fail,./mugen-riscv/logs/realmd/oe_test_service_realmd/2023-04-26-22:42:34.log,Failed to load module: /usr/lib64/gio/modules/libgioremote-volume-monitor.so and Failed to load module: /usr/lib64/gio/modules/libgvfsdbus.so，对应文件夹中没有来那两个模块文件
samba,oe_test_service_nmb,fail,./mugen-riscv/logs/samba/oe_test_service_nmb/2023-04-27-02:03:38.log,可能是构建问题，链接库均在 /usr/lib64/samba ，但是只有部分被正确从该路径加载，导致加载动态链接库 libmessages-util-samba4.so 失败
,oe_test_service_smb,fail,./mugen-riscv/logs/samba/oe_test_service_smb/2023-04-27-02:10:01.log,可能是构建问题，链接库均在 /usr/lib64/samba ，但是只有部分被正确从该路径加载，导致加载动态链接库 libmessages-util-samba4.so 失败
,oe_test_service_winbind,fail,./mugen-riscv/logs/samba/oe_test_service_winbind/2023-04-27-02:12:55.log,可能是构建问题，链接库均在 /usr/lib64/samba ，但是只有部分被正确从该路径加载，导致加载动态链接库 libflag-mapping-samba4.so 失败
sanlock,oe_test_sanlock_wdmd,fail,./mugen-riscv/logs/sanlock/oe_test_sanlock_wdmd/2023-04-27-02:26:40.log,Module softdog not found
security-tool,oe_test_security_tool,fail,./mugen-riscv/logs/security-tool/oe_test_security_tool/2023-04-27-02:40:49.log,镜像没有预装待测软件包 security-tool
,oe_test_service_openEuler-security,fail,./mugen-riscv/logs/security-tool/oe_test_service_openEuler-security/2023-04-27-02:42:59.log,镜像没有预装待测软件包 security-tool
security_guide,oe_test_kernel_parameter_hardening,fail,./mugen-riscv/logs/security_guide/oe_test_kernel_parameter_hardening/2023-04-28-22:27:19.log,sysctl -p 无输出
,oe_test_kernel_parameter_reinforcement_description,fail,./mugen-riscv/logs/security_guide/oe_test_kernel_parameter_reinforcement_description/2023-04-28-22:41:53.log,No safety reinforcement
,oe_test_restrict_accounts_use_su,fail,./mugen-riscv/logs/security_guide/oe_test_restrict_accounts_use_su/2023-04-28-22:14:01.log,限制账号使用su失败，可能为用户组设置问题或命令本身问题
,oe_test_set_password_validity,fail,./mugen-riscv/logs/security_guide/oe_test_set_password_validity/2023-04-28-21:44:40.log,没有密码过期提醒，可能为date改变日期失败或者相关提醒未设置
,oe_test_ssh_check_home,fail,./mugen-riscv/logs/security_guide/oe_test_ssh_check_home/2023-04-28-22:16:25.log,StrictModes is not yes
,oe_test_ssh_disable_agent_forwarding,fail,./mugen-riscv/logs/security_guide/oe_test_ssh_disable_agent_forwarding/2023-04-28-22:23:34.log,AllowAgentForwarding is not no
,oe_test_ssh_disable_empty_passwd,fail,./mugen-riscv/logs/security_guide/oe_test_ssh_disable_empty_passwd/2023-04-28-21:50:43.log,PermitEmptyPasswords is not no
,oe_test_ssh_disable_parsing_sshpath,fail,./mugen-riscv/logs/security_guide/oe_test_ssh_disable_parsing_sshpath/2023-04-28-22:01:30.log,ssh远程执行命令时出现未知错误
,oe_test_ssh_strong_encryption_algorithm,fail,./mugen-riscv/logs/security_guide/oe_test_ssh_strong_encryption_algorithm/2023-04-28-22:27:55.log,No safety reinforcement
,oe_test_ssh_version2,fail,./mugen-riscv/logs/security_guide/oe_test_ssh_version2/2023-04-28-21:56:31.log,安装的ssh版本非测试版本
,oe_test_ssh_warnings,fail,./mugen-riscv/logs/security_guide/oe_test_ssh_warnings/2023-04-28-21:44:12.log,登陆时没有显示x86登陆时显示的提示
,oe_test_use_security_tools,fail,./mugen-riscv/logs/security_guide/oe_test_use_security_tools/2023-04-28-21:51:39.log,security-tool软件包默认未安装
smoke-baseinfo,oe_test_rpm_suffix_name,fail,./mugen-riscv/logs/smoke-baseinfo/oe_test_rpm_suffix_name/2023-04-29-02:47:05.log,dnf list 获取的oetestsuite 软件仓中软件包版本号不带有oe2303的规范
smoke-basic-os,oe_test_CPUinfo_001,fail,./mugen-riscv/logs/smoke-basic-os/oe_test_CPUinfo_001/2023-05-26-00:21:53.log,file missing/timeout
,oe_test_bbr_02,fail,./mugen-riscv/logs/smoke-basic-os/oe_test_bbr_02/2023-04-29-09:54:28.log,preinstall absent
,oe_test_bbr_04,fail,./mugen-riscv/logs/smoke-basic-os/oe_test_bbr_04/2023-04-29-09:54:45.log,kernel module absent
,oe_test_bonding_SCEN_05,fail,./mugen-riscv/logs/smoke-basic-os/oe_test_bonding_SCEN_05/2023-04-29-09:55:05.log,preinstall absent kernel module absent
,oe_test_criu,fail,./mugen-riscv/logs/smoke-basic-os/oe_test_criu/2023-04-29-05:34:06.log,file missing
,oe_test_gcc_001,fail,./mugen-riscv/logs/smoke-basic-os/oe_test_gcc_001/2023-05-26-00:01:54.log,file missing
,oe_test_ip_rule_01,fail,./mugen-riscv/logs/smoke-basic-os/oe_test_ip_rule_01/2023-04-29-07:32:00.log,CONFIG_IP_MULTIPLE_TABLES is not set
,oe_test_ip_rule_02,fail,./mugen-riscv/logs/smoke-basic-os/oe_test_ip_rule_02/2023-04-29-07:32:16.log,CONFIG_IP_MULTIPLE_TABLES is not set
,oe_test_iscsi,fail,./mugen-riscv/logs/smoke-basic-os/oe_test_iscsi/2023-04-29-05:46:14.log,CONFIG_CONFIGFS_FS is not set
,oe_test_iscsid,fail,./mugen-riscv/logs/smoke-basic-os/oe_test_iscsid/2023-04-29-07:40:15.log,can not create NETLINK_ISCSI socket [Protocol not supported]可能为内核问题
,oe_test_libcgroup_04,fail,./mugen-riscv/logs/smoke-basic-os/oe_test_libcgroup_04/2023-04-29-07:49:01.log,
,oe_test_ncurses,fail,./mugen-riscv/logs/smoke-basic-os/oe_test_ncurses/2023-06-28-02:06:03.log,
,oe_test_numactl,fail,./mugen-riscv/logs/smoke-basic-os/oe_test_numactl/2023-04-29-05:58:41.log,CONFIG_NUMA is not set
,oe_test_perf,fail,./mugen-riscv/logs/smoke-basic-os/oe_test_perf/2023-04-29-06:01:18.log,timeout
,oe_test_pwd_001,fail,./mugen-riscv/logs/smoke-basic-os/oe_test_pwd_001/2023-04-29-06:02:28.log,preinstall absent
,oe_test_rollback,fail,./mugen-riscv/logs/smoke-basic-os/oe_test_rollback/2023-04-29-06:26:56.log,mugen 测试代码并没有考虑到git软件包已安装时的情况
,oe_test_rule_ipv6,fail,./mugen-riscv/logs/smoke-basic-os/oe_test_rule_ipv6/2023-04-29-08:40:20.log,CONFIG_IP_MULTIPLE_TABLES is not set
,oe_test_service,fail,./mugen-riscv/logs/smoke-basic-os/oe_test_service/2023-04-29-08:40:36.log,preinstall absent
,oe_test_skopeo,fail,./mugen-riscv/logs/smoke-basic-os/oe_test_skopeo/2023-04-29-06:04:38.log,choosing image instance: no image found in manifest list for architecture riscv64
,oe_test_syslog_logrotate_001,fail,./mugen-riscv/logs/smoke-basic-os/oe_test_syslog_logrotate_001/2023-05-26-00:15:50.log,preinstall absent
,oe_test_user_debug_iotop_03,fail,./mugen-riscv/logs/smoke-basic-os/oe_test_user_debug_iotop_03/2023-04-29-10:09:55.log,file missing
,oe_test_yumgroup_001,fail,./mugen-riscv/logs/smoke-basic-os/oe_test_yumgroup_001/2023-04-29-06:23:17.log,oe-rv目前软件仓内并没有划分软件包组
,oe_test_MEMinfo_001,fail,./mugen-riscv/logs/smoke-basic-os/oe_test_MEMinfo_001/2023-05-26-00:16:17.log,file missing
,oe_test_perf_top_01,fail,./mugen-riscv/logs/smoke-basic-os/oe_test_perf_top_01/2023-05-26-00:17:11.log,file missing
smoke-iSulad,oe_test_iSula_attach_rename_001,fail,./mugen-riscv/logs/smoke-iSulad/oe_test_iSula_attach_rename_001/2023-04-28-23:47:23.log,docker镜像地址错误
,oe_test_iSula_cp_001,fail,./mugen-riscv/logs/smoke-iSulad/oe_test_iSula_cp_001/2023-04-28-23:54:18.log,docker镜像地址错误
,oe_test_iSula_create_start_001,fail,./mugen-riscv/logs/smoke-iSulad/oe_test_iSula_create_start_001/2023-04-28-23:58:00.log,docker镜像地址错误
,oe_test_iSula_export_001,fail,./mugen-riscv/logs/smoke-iSulad/oe_test_iSula_export_001/2023-04-28-23:50:40.log,docker镜像地址错误
,oe_test_iSula_mkdir100_001,fail,./mugen-riscv/logs/smoke-iSulad/oe_test_iSula_mkdir100_001/2023-04-29-00:13:20.log,docker镜像地址错误
,oe_test_iSula_pause_resume_001,fail,./mugen-riscv/logs/smoke-iSulad/oe_test_iSula_pause_resume_001/2023-04-29-00:16:46.log,docker镜像地址错误
,oe_test_iSula_query_state_001,fail,./mugen-riscv/logs/smoke-iSulad/oe_test_iSula_query_state_001/2023-04-28-23:43:34.log,docker镜像地址错误
,oe_test_iSula_restart_stop_001,fail,./mugen-riscv/logs/smoke-iSulad/oe_test_iSula_restart_stop_001/2023-04-29-00:01:40.log,docker镜像地址错误
,oe_test_iSula_search_info_001,fail,./mugen-riscv/logs/smoke-iSulad/oe_test_iSula_search_info_001/2023-04-29-00:04:01.log,docker镜像地址错误
sos,oe_test_sosreport_01,fail,./mugen-riscv/logs/sos/oe_test_sosreport_01/2023-04-27-02:54:08.log,file missing
,oe_test_sosreport_03,fail,./mugen-riscv/logs/sos/oe_test_sosreport_03/2023-04-27-03:27:15.log,file missing
spawn-fcgi,oe_test_service_spawn-fcgi,fail,./mugen-riscv/logs/spawn-fcgi/oe_test_service_spawn-fcgi/2023-06-25-04:36:27.log,未安装initscripts
storm,oe_test_service_storm-logviewer,fail,./mugen-riscv/logs/storm/oe_test_service_storm-logviewer/2023-04-27-03:14:39.log,no pkg in pkglist
,oe_test_service_storm-nimbus,fail,./mugen-riscv/logs/storm/oe_test_service_storm-nimbus/2023-04-27-03:16:14.log,no pkg in pkglist
,oe_test_service_storm-supervisor,fail,./mugen-riscv/logs/storm/oe_test_service_storm-supervisor/2023-04-27-03:17:35.log,no pkg in pkglist
,oe_test_service_storm-ui,fail,./mugen-riscv/logs/storm/oe_test_service_storm-ui/2023-04-27-03:18:58.log,no pkg in pkglist
strongswan,oe_test_service_strongswan_02,fail,./mugen-riscv/logs/strongswan/oe_test_service_strongswan_02/2023-04-27-03:34:49.log,pre_test时podman出现堆栈错误导致后续软件运行错误
,oe_test_service_swanctl_01,fail,./mugen-riscv/logs/strongswan/oe_test_service_swanctl_01/2023-04-27-03:52:50.log,pre_test时podman出现堆栈错误导致后续软件运行错误
,oe_test_service_swanctl_02,fail,./mugen-riscv/logs/strongswan/oe_test_service_swanctl_02/2023-04-27-04:00:56.log,pre_test时podman出现堆栈错误导致后续软件运行错误
targetcli,oe_test_targetcli_01,fail,./mugen-riscv/logs/targetcli/oe_test_targetcli_01/2023-04-27-04:13:08.log,
,oe_test_targetcli_02,fail,./mugen-riscv/logs/targetcli/oe_test_targetcli_02/2023-04-27-04:15:41.log,
,oe_test_targetcli_03,fail,./mugen-riscv/logs/targetcli/oe_test_targetcli_03/2023-04-27-04:17:38.log,
,oe_test_targetcli_04,fail,./mugen-riscv/logs/targetcli/oe_test_targetcli_04/2023-04-27-04:20:01.log,
udisks2,oe_test_service_udisks2,fail,./mugen-riscv/logs/udisks2/oe_test_service_udisks2/2023-04-27-04:42:18.log,Failed to load module: /usr/lib64/gio/modules/libgvfsdbus.so
vdo,oe_test_service_vdo,fail,./mugen-riscv/logs/vdo/oe_test_service_vdo/2023-04-27-04:56:41.log,nothing provides kmod-kvdo
wireshark,oe_test_mergecap,fail,./mugen-riscv/logs/wireshark/oe_test_mergecap/2023-04-28-04:22:18.log,file missing 
wsmancli,oe_test_wsmancli_wseventmgr_01,fail,./mugen-riscv/logs/wsmancli/oe_test_wsmancli_wseventmgr_01/2023-04-27-05:08:33.log,
,oe_test_wsmancli_wsman_02,fail,./mugen-riscv/logs/wsmancli/oe_test_wsmancli_wsman_02/2023-04-27-05:20:46.log,
,oe_test_wsmancli_wsman_05,fail,./mugen-riscv/logs/wsmancli/oe_test_wsmancli_wsman_05/2023-04-27-05:26:31.log,
,oe_test_wsmancli_wsman_06,fail,./mugen-riscv/logs/wsmancli/oe_test_wsmancli_wsman_06/2023-05-22-03:35:34.log,wamancli: faild to test -N
,oe_test_wsmancli_wsman_07,fail,./mugen-riscv/logs/wsmancli/oe_test_wsmancli_wsman_07/2023-04-27-05:32:42.log,
FS_File,oe_test_FSIO_modify_file,fail,./mugen-riscv/logs/FS_File/oe_test_FSIO_modify_file/2023-06-23-02:15:24.log,preinstall absent
,oe_test_FSIO_sys_fs_check,fail,./mugen-riscv/logs/FS_File/oe_test_FSIO_sys_fs_check/2023-06-23-02:21:04.log,挂载硬盘时出错，显示硬盘不存在
,oe_test_FSIO_filefrag,fail,./mugen-riscv/logs/FS_File/oe_test_FSIO_filefrag/2023-06-23-02:13:11.log,preinstall absent
,oe_test_FSIO_act_file_lack_inode,fail,./mugen-riscv/logs/FS_File/oe_test_FSIO_act_file_lack_inode/2023-06-23-01:37:53.log,preinstall absent
,oe_test_FSIO_create_hardlink_fail,fail,./mugen-riscv/logs/FS_File/oe_test_FSIO_create_hardlink_fail/2023-06-23-02:08:47.log,preinstall absent
smoke-docker,oe_test_docker_start_stop_delete_001,fail,./mugen-riscv/logs/smoke-docker/oe_test_docker_start_stop_delete_001/2023-06-23-05:03:59.log,docker path error
,oe_test_docker_save_load_001,fail,./mugen-riscv/logs/smoke-docker/oe_test_docker_save_load_001/2023-06-23-05:31:49.log,Broken testcase
,oe_test_docker_create_001,fail,./mugen-riscv/logs/smoke-docker/oe_test_docker_create_001/2023-06-23-05:26:18.log,Broken testcase
,oe_test_docker_create_003,fail,./mugen-riscv/logs/smoke-docker/oe_test_docker_create_003/2023-06-23-05:20:51.log,Broken testcase
,oe_test_docker_exec_cmd_001,fail,./mugen-riscv/logs/smoke-docker/oe_test_docker_exec_cmd_001/2023-06-23-05:15:16.log,Broken testcase
,oe_test_docker_commit_export_import_001,fail,./mugen-riscv/logs/smoke-docker/oe_test_docker_commit_export_import_001/2023-06-23-04:47:49.log,Broken testcase
,oe_test_docker_rename_pause_resume_001,fail,./mugen-riscv/logs/smoke-docker/oe_test_docker_rename_pause_resume_001/2023-06-23-04:30:49.log,Broken testcase
,oe_test_docker_tag_001,fail,./mugen-riscv/logs/smoke-docker/oe_test_docker_tag_001/2023-06-23-05:09:35.log,Broken testcase
,oe_test_docker_search_info_001,fail,./mugen-riscv/logs/smoke-docker/oe_test_docker_search_info_001/2023-06-23-04:36:54.log,Broken testcase
,oe_test_docker_attach_001,fail,./mugen-riscv/logs/smoke-docker/oe_test_docker_attach_001/2023-06-23-04:58:26.log,Broken testcase
,oe_test_docker_custom-image,fail,./mugen-riscv/logs/smoke-docker/oe_test_docker_custom-image/2023-06-23-05:37:22.log,打包构建时出错
nodejs-clean-css,oe_test_cleancss_01,fail,./mugen-riscv/logs/nodejs-clean-css/oe_test_cleancss_01/2023-06-26-02:56:05.log,核心转储出错 Segmentation fault (core dumped)
,oe_test_cleancss_02,fail,./mugen-riscv/logs/nodejs-clean-css/oe_test_cleancss_02/2023-06-26-03:01:04.log,核心转储出错 Segmentation fault (core dumped)
embedded_os_basic_extra_test,oe_test_acl_verwrite_previous_rules,fail,./mugen-riscv/logs/embedded_os_basic_extra_test/oe_test_acl_verwrite_previous_rules/2023-06-26-03:39:54.log,缺少文件'/usr/bin/less.less'
,oe_test_acl_send_kill_notbelong,fail,./mugen-riscv/logs/embedded_os_basic_extra_test/oe_test_acl_send_kill_notbelong/2023-06-26-03:38:59.log,缺少文件'/bin/kill.procps'
,oe_test_acl_allow_change_ownership,fail,./mugen-riscv/logs/embedded_os_basic_extra_test/oe_test_acl_allow_change_ownership/2023-06-26-03:34:57.log,操作无法执行
,oe_test_acl_ignore_dal_across,fail,./mugen-riscv/logs/embedded_os_basic_extra_test/oe_test_acl_ignore_dal_across/2023-06-26-03:35:45.log,缺少文件'/usr/bin/less.less'
,oe_test_acl_manage_net,fail,./mugen-riscv/logs/embedded_os_basic_extra_test/oe_test_acl_manage_net/2023-06-26-03:36:36.log,文件系统设置不正确
,oe_test_acl_allow_change_nochange,fail,./mugen-riscv/logs/embedded_os_basic_extra_test/oe_test_acl_allow_change_nochange/2023-06-26-03:33:52.log,缺少文件'/bin/chattr.e2fsprogs'
,oe_test_acl_ordinary_users_setgid,fail,./mugen-riscv/logs/embedded_os_basic_extra_test/oe_test_acl_ordinary_users_setgid/2023-06-26-03:37:57.log,缺少文件'/bin/chattr.e2fsprogs' 
amanda,oe_test_amanda_amcheck,fail,./mugen-riscv/logs/amanda/oe_test_amanda_amcheck/2023-06-16-03:44:44.log,
openssh,oe_test_openssh_cipher,fail,./mugen-riscv/logs/openssh/oe_test_openssh_cipher/2023-06-16-04:10:21.log,
,oe_test_openssh_locked,fail,./mugen-riscv/logs/openssh/oe_test_openssh_locked/2023-06-16-04:11:55.log,preinstall absent/timeout
,oe_test_openssh_no_password,fail,./mugen-riscv/logs/openssh/oe_test_openssh_no_password/2023-06-16-04:12:57.log,preinstall absent/timeout
,oe_test_openssh_scp,fail,./mugen-riscv/logs/openssh/oe_test_openssh_scp/2023-06-16-04:17:42.log,preinstall absent/timeout
,oe_test_openssh_scp_P,fail,./mugen-riscv/logs/openssh/oe_test_openssh_scp_P/2023-06-16-04:15:05.log,preinstall absent/timeout
,oe_test_openssh_scp_q,fail,./mugen-riscv/logs/openssh/oe_test_openssh_scp_q/2023-06-16-04:16:05.log,preinstall absent/timeout
python-rtslib,oe_test_service_target,fail,./mugen-riscv/logs/python-rtslib/oe_test_service_target/2023-06-16-04:21:37.log,内核模块缺失 configfs 导致启动出错 Could not load module: configfs
podman_3.4.4.2,oe_test_podman_3.4.4.2_07,fail,./mugen-riscv/logs/podman_3.4.4.2/oe_test_podman_3.4.4.2_07/2023-06-22-06:02:15.log,
,oe_test_podman_3.4.4.2_04,fail,./mugen-riscv/logs/podman_3.4.4.2/oe_test_podman_3.4.4.2_04/2023-06-22-06:07:33.log,file missing
,oe_test_podman_3.4.4.2_01,fail,./mugen-riscv/logs/podman_3.4.4.2/oe_test_podman_3.4.4.2_01/2023-06-22-06:12:57.log,
,oe_test_service_podman-auto-update,fail,./mugen-riscv/logs/podman_3.4.4.2/oe_test_service_podman-auto-update/2023-06-22-06:18:04.log,file missing/systemd unit runtime error/systemd unit enable failure
,oe_test_podman_3.4.4.2_03,fail,./mugen-riscv/logs/podman_3.4.4.2/oe_test_podman_3.4.4.2_03/2023-06-22-06:33:51.log,file missing
,oe_test_podman_3.4.4.2_02,fail,./mugen-riscv/logs/podman_3.4.4.2/oe_test_podman_3.4.4.2_02/2023-06-22-06:39:12.log,
,oe_test_podman_3.4.4.2_09,fail,./mugen-riscv/logs/podman_3.4.4.2/oe_test_podman_3.4.4.2_09/2023-06-22-06:44:41.log,timeout
,oe_test_podman_3.4.4.2_06,fail,./mugen-riscv/logs/podman_3.4.4.2/oe_test_podman_3.4.4.2_06/2023-06-22-07:14:49.log,file missing
,oe_test_podman_3.4.4.2_05,fail,./mugen-riscv/logs/podman_3.4.4.2/oe_test_podman_3.4.4.2_05/2023-06-22-07:15:53.log,file missing
,oe_test_podman_3.4.4.2_16,fail,./mugen-riscv/logs/podman_3.4.4.2/oe_test_podman_3.4.4.2_16/2023-06-22-07:17:39.log,
,oe_test_podman_3.4.4.2_11,fail,./mugen-riscv/logs/podman_3.4.4.2/oe_test_podman_3.4.4.2_11/2023-06-22-07:18:33.log,
,oe_test_podman_3.4.4.2_12,fail,./mugen-riscv/logs/podman_3.4.4.2/oe_test_podman_3.4.4.2_12/2023-06-22-07:19:23.log,
,oe_test_podman_3.4.4.2_14,fail,./mugen-riscv/logs/podman_3.4.4.2/oe_test_podman_3.4.4.2_14/2023-06-22-07:20:13.log,
,oe_test_podman_3.4.4.2_20,fail,./mugen-riscv/logs/podman_3.4.4.2/oe_test_podman_3.4.4.2_20/2023-06-22-07:21:06.log,
,oe_test_podman_3.4.4.2_13,fail,./mugen-riscv/logs/podman_3.4.4.2/oe_test_podman_3.4.4.2_13/2023-06-22-07:21:43.log,
,oe_test_podman_3.4.4.2_15,fail,./mugen-riscv/logs/podman_3.4.4.2/oe_test_podman_3.4.4.2_15/2023-06-22-07:22:33.log,timeout
,oe_test_podman_3.4.4.2_17,fail,./mugen-riscv/logs/podman_3.4.4.2/oe_test_podman_3.4.4.2_17/2023-06-22-07:23:14.log,
,oe_test_podman_3.4.4.2_26,fail,./mugen-riscv/logs/podman_3.4.4.2/oe_test_podman_3.4.4.2_26/2023-06-22-07:24:45.log,
,oe_test_podman_3.4.4.2_22,fail,./mugen-riscv/logs/podman_3.4.4.2/oe_test_podman_3.4.4.2_22/2023-06-22-07:25:42.log,
,oe_test_podman_3.4.4.2_27,fail,./mugen-riscv/logs/podman_3.4.4.2/oe_test_podman_3.4.4.2_27/2023-06-22-07:26:40.log,
,oe_test_podman_3.4.4.2_28,fail,./mugen-riscv/logs/podman_3.4.4.2/oe_test_podman_3.4.4.2_28/2023-06-22-07:27:17.log,
,oe_test_podman_3.4.4.2_DK_01,fail,./mugen-riscv/logs/podman_3.4.4.2/oe_test_podman_3.4.4.2_DK_01/2023-06-22-07:28:02.log,
,oe_test_podman_3.4.4.2_21,fail,./mugen-riscv/logs/podman_3.4.4.2/oe_test_podman_3.4.4.2_21/2023-06-22-07:28:45.log,
,oe_test_podman_3.4.4.2_DK_02,fail,./mugen-riscv/logs/podman_3.4.4.2/oe_test_podman_3.4.4.2_DK_02/2023-06-22-07:29:46.log,
,oe_test_podman_3.4.4.2_25,fail,./mugen-riscv/logs/podman_3.4.4.2/oe_test_podman_3.4.4.2_25/2023-06-22-07:31:34.log,
,oe_test_podman_3.4.4.2_23,fail,./mugen-riscv/logs/podman_3.4.4.2/oe_test_podman_3.4.4.2_23/2023-06-22-07:32:18.log,
,oe_test_podman_DK_3.4.4.2_04,fail,./mugen-riscv/logs/podman_3.4.4.2/oe_test_podman_DK_3.4.4.2_04/2023-06-22-07:33:07.log,file missing
,oe_test_podman_DK_3.4.4.2_12,fail,./mugen-riscv/logs/podman_3.4.4.2/oe_test_podman_DK_3.4.4.2_12/2023-06-22-07:34:50.log,
,oe_test_podman_DK_3.4.4.2_09,fail,./mugen-riscv/logs/podman_3.4.4.2/oe_test_podman_DK_3.4.4.2_09/2023-06-22-07:36:31.log,timeout
,oe_test_podman_DK_3.4.4.2_11,fail,./mugen-riscv/logs/podman_3.4.4.2/oe_test_podman_DK_3.4.4.2_11/2023-06-22-08:06:39.log,
,oe_test_podman_3.4.4.2_DK_03,fail,./mugen-riscv/logs/podman_3.4.4.2/oe_test_podman_3.4.4.2_DK_03/2023-06-22-08:08:18.log,file missing
,oe_test_podman_DK_3.4.4.2_06,fail,./mugen-riscv/logs/podman_3.4.4.2/oe_test_podman_DK_3.4.4.2_06/2023-06-22-08:09:10.log,file missing
,oe_test_podman_DK_3.4.4.2_05,fail,./mugen-riscv/logs/podman_3.4.4.2/oe_test_podman_DK_3.4.4.2_05/2023-06-22-08:10:03.log,file missing
,oe_test_podman_DK_3.4.4.2_23,fail,./mugen-riscv/logs/podman_3.4.4.2/oe_test_podman_DK_3.4.4.2_23/2023-06-22-08:12:37.log,
,oe_test_podman_DK_3.4.4.2_27,fail,./mugen-riscv/logs/podman_3.4.4.2/oe_test_podman_DK_3.4.4.2_27/2023-06-22-08:13:29.log,
,oe_test_podman_DK_3.4.4.2_19,fail,./mugen-riscv/logs/podman_3.4.4.2/oe_test_podman_DK_3.4.4.2_19/2023-06-22-08:14:06.log,
,oe_test_podman_DK_3.4.4.2_25,fail,./mugen-riscv/logs/podman_3.4.4.2/oe_test_podman_DK_3.4.4.2_25/2023-06-22-08:14:58.log,
,oe_test_podman_DK_3.4.4.2_13,fail,./mugen-riscv/logs/podman_3.4.4.2/oe_test_podman_DK_3.4.4.2_13/2023-06-22-08:15:42.log,
,oe_test_podman_DK_3.4.4.2_24,fail,./mugen-riscv/logs/podman_3.4.4.2/oe_test_podman_DK_3.4.4.2_24/2023-06-22-08:16:33.log,
,oe_test_podman_DK_3.4.4.2_14,fail,./mugen-riscv/logs/podman_3.4.4.2/oe_test_podman_DK_3.4.4.2_14/2023-06-22-08:17:22.log,
,oe_test_podman_DK_3.4.4.2_17,fail,./mugen-riscv/logs/podman_3.4.4.2/oe_test_podman_DK_3.4.4.2_17/2023-06-22-08:18:15.log,
,oe_test_podman_DK_3.4.4.2_20,fail,./mugen-riscv/logs/podman_3.4.4.2/oe_test_podman_DK_3.4.4.2_20/2023-06-22-08:19:01.log,
,oe_test_podman_DK_3.4.4.2_28,fail,./mugen-riscv/logs/podman_3.4.4.2/oe_test_podman_DK_3.4.4.2_28/2023-06-22-08:19:40.log,
,oe_test_podman_DK_3.4.4.2_21,fail,./mugen-riscv/logs/podman_3.4.4.2/oe_test_podman_DK_3.4.4.2_21/2023-06-22-08:20:27.log,
,oe_test_podman_DK_3.4.4.2_26,fail,./mugen-riscv/logs/podman_3.4.4.2/oe_test_podman_DK_3.4.4.2_26/2023-06-22-08:21:29.log,
,oe_test_podman_DK_3.4.4.2_16,fail,./mugen-riscv/logs/podman_3.4.4.2/oe_test_podman_DK_3.4.4.2_16/2023-06-22-08:22:25.log,
,oe_test_podman_DK_3.4.4.2_15,fail,./mugen-riscv/logs/podman_3.4.4.2/oe_test_podman_DK_3.4.4.2_15/2023-06-22-08:23:15.log,timeout
testNG,oe_test_testNG_annotations_group,fail,./mugen-riscv/logs/testNG/oe_test_testNG_annotations_group/2023-06-22-07:40:10.log,file missing
conmon,oe_test_conmon_02,fail,./mugen-riscv/logs/conmon/oe_test_conmon_02/2023-06-22-08:02:45.log,
,oe_test_conmon_03,fail,./mugen-riscv/logs/conmon/oe_test_conmon_03/2023-06-22-08:07:46.log,
,oe_test_conmon_04,fail,./mugen-riscv/logs/conmon/oe_test_conmon_04/2023-06-22-08:12:42.log,
nodejs-grunt-cli,oe_test_gruntcli_grunt_01,fail,./mugen-riscv/logs/nodejs-grunt-cli/oe_test_gruntcli_grunt_01/2023-06-22-09:03:18.log,
,oe_test_gruntcli_grunt_02,fail,./mugen-riscv/logs/nodejs-grunt-cli/oe_test_gruntcli_grunt_02/2023-06-22-09:05:50.log,
hadoop-3.1,oe_test_service_hadoop-datanode-3.1,fail,./mugen-riscv/logs/hadoop-3.1/oe_test_service_hadoop-datanode-3.1/2023-06-22-09:24:19.log,file missing/systemd unit restart failure/systemd unit runtime error
,oe_test_service_hadoop-nodemanager-3.1,fail,./mugen-riscv/logs/hadoop-3.1/oe_test_service_hadoop-nodemanager-3.1/2023-06-22-09:28:29.log,file missing/systemd unit restart failure/systemd unit runtime error
,oe_test_service_hadoop-proxyserver-3.1,fail,./mugen-riscv/logs/hadoop-3.1/oe_test_service_hadoop-proxyserver-3.1/2023-06-22-09:29:53.log,file missing/systemd unit restart failure/systemd unit runtime error
,oe_test_service_hadoop-resourcemanager-3.1,fail,./mugen-riscv/logs/hadoop-3.1/oe_test_service_hadoop-resourcemanager-3.1/2023-06-22-09:31:16.log,file missing/systemd unit restart failure/systemd unit runtime error
,oe_test_service_hadoop-zkfc-3.1,fail,./mugen-riscv/logs/hadoop-3.1/oe_test_service_hadoop-zkfc-3.1/2023-06-22-09:37:40.log,file missing/systemd unit restart failure/systemd unit runtime error/timeout
fetch-crl,oe_test_fetch_crl_service,fail,./mugen-riscv/logs_failed/fetch-crl/oe_test_fetch_crl_service/2023-06-25-15_47_02.log,fetch-crl.service 启动失败 ERROR CRL verification failed for KEK/0 (KEK)
hadoop,oe_test_service_hadoop-datanode,fail,./mugen-riscv/logs_failed/hadoop/oe_test_service_hadoop-datanode/2023-06-25-17_24_09.log,被测软件包 hadoop-hdfs hadoop-mapreduce hadoop-yarn 不存在
,oe_test_service_hadoop-historyserver,fail,./mugen-riscv/logs_failed/hadoop/oe_test_service_hadoop-historyserver/2023-07-06-20_22_48.log,被测软件包 hadoop-hdfs hadoop-mapreduce hadoop-yarn 不存在
,oe_test_service_hadoop-journalnode,fail,./mugen-riscv/logs_failed/hadoop/oe_test_service_hadoop-journalnode/2023-06-25-17_25_57.log,被测软件包 hadoop-hdfs hadoop-mapreduce hadoop-yarn 不存在
,oe_test_service_hadoop-namenode,fail,./mugen-riscv/logs_failed/hadoop/oe_test_service_hadoop-namenode/2023-06-25-17_27_38.log,被测软件包 hadoop-hdfs hadoop-mapreduce hadoop-yarn 不存在
,oe_test_service_hadoop-nodemanager,fail,./mugen-riscv/logs_failed/hadoop/oe_test_service_hadoop-nodemanager/2023-06-25-17_29_21.log,被测软件包 hadoop-hdfs hadoop-mapreduce hadoop-yarn 不存在
,oe_test_service_hadoop-proxyserver,fail,./mugen-riscv/logs_failed/hadoop/oe_test_service_hadoop-proxyserver/2023-06-25-17_31_02.log,被测软件包 hadoop-hdfs hadoop-mapreduce hadoop-yarn 不存在
,oe_test_service_hadoop-resourcemanager,fail,./mugen-riscv/logs_failed/hadoop/oe_test_service_hadoop-resourcemanager/2023-06-25-17_32_44.log,被测软件包 hadoop-hdfs hadoop-mapreduce hadoop-yarn 不存在
,oe_test_service_hadoop-secondarynamenode,fail,./mugen-riscv/logs_failed/hadoop/oe_test_service_hadoop-secondarynamenode/2023-06-25-17_34_25.log,被测软件包 hadoop-hdfs hadoop-mapreduce hadoop-yarn 不存在
,oe_test_service_hadoop-timelineserver,fail,./mugen-riscv/logs_failed/hadoop/oe_test_service_hadoop-timelineserver/2023-06-25-17_36_05.log,被测软件包 hadoop-hdfs hadoop-mapreduce hadoop-yarn 不存在
jgit,oe_test_jgit_01,fail,./mugen-riscv/logs_failed/jgit/oe_test_jgit_01/2023-06-25-16_22_31.log,jgit 依赖关系不满足
,oe_test_jgit_02,fail,./mugen-riscv/logs_failed/jgit/oe_test_jgit_02/2023-06-25-16_24_32.log,jgit 依赖关系不满足
,oe_test_jgit_03,fail,./mugen-riscv/logs_failed/jgit/oe_test_jgit_03/2023-06-25-16_26_08.log,jgit 依赖关系不满足
meson_0.63,oe_test_meson_0.63_meson_21,fail,./mugen-riscv/logs_failed/meson_0.63/oe_test_meson_0.63_meson_21/2023-06-25-13_46_28.log,没有引入测试需要的依赖 cmake
ocaml-22.03,oe_test_ocaml_ocaml-instr-report,fail,./mugen-riscv/logs/ocaml-20.03/oe_test_ocaml_ocaml-instr-report/2023-06-23-03:44:52.log,使用了不支持的指令进行测试
,oe_test_ocaml_davail,fail,./mugen-riscv/logs/ocaml-20.03/oe_test_ocaml_davail/2023-06-23-11:39:43.log,unsafe-string is not available.
xmvn_3.0.0-24,oe_test_xmvn_base_mvn-local_01,fail,./mugen-riscv/logs_failed/xmvn_3.0.0-24/oe_test_xmvn_base_mvn-local_01/2023-06-25-14_15_31.log,测试出错 No group data available for configured repositories.
libguestfs,oe_test_libguestfs_guestfish_02,fail,./mugen-riscv/logs/libguestfs/oe_test_libguestfs_guestfish_02/2023-06-22-15_44_45.log ,测试所需 qemu 镜像没有 riscv 架构
,oe_test_libguestfs_libguestfs-test-tool,fail,./mugen-riscv/logs/libguestfs/oe_test_libguestfs_libguestfs-test-tool/2023-06-22-15_50_04.log ,测试所需 qemu 镜像没有 riscv 架构
rust,oe_test_rustc_01,fail,./mugen-riscv/logs/rust/oe_test_rustc_01/2023-06-22-17_43_34.log ,软件包 rust 不存在
,oe_test_rustc_02,fail,./mugen-riscv/logs/rust/oe_test_rustc_02/2023-06-22-17_44_42.log ,软件包 rust 不存在
,oe_test_rustc_03,fail,./mugen-riscv/logs/rust/oe_test_rustc_03/2023-06-22-17_45_36.log ,软件包 rust 不存在
,oe_test_cargo_02,fail,./mugen-riscv/logs/rust/oe_test_cargo_02/2023-06-22-17_47_45.log ,软件包 cargo 不存在
,oe_test_clippy,fail,./mugen-riscv/logs/rust/oe_test_clippy/2023-06-22-17_48_36.log ,软件包 clippy 不存在
baws-sdk-java,oe_test_baws-sdk-java_001,fail,./mugen-riscv/logs/baws-sdk-java/oe_test_baws-sdk-java_001/2023-06-22-18_12_41.log ,软件包 aws-sdk-java 安装有依赖错误
